market_name,product_name,price,quantity,date_recorded,source_file,created_at
Eldoret Market,Beans,53.86,144,2024-01-07,,2025-11-15 16:33:18.681379
Eldoret Market,Beans,53.72,25,2024-01-21,,2025-11-15 16:33:18.681379
Eldoret Market,Beans,71.99,426,2024-02-16,,2025-11-15 16:33:18.681379
Eldoret Market,Beans,67.44,325,2024-02-25,,2025-11-15 16:33:18.681379
Eldoret Market,Beans,69.19,26,2024-03-14,,2025-11-15 16:33:18.681379
Eldoret Market,Beans,69.28,277,2024-03-23,,2025-11-15 16:33:18.681379
Eldoret Market,Coffee,305.52,450,2024-01-15,,2025-11-15 16:33:18.681379
Eldoret Market,Coffee,493.84,59,2024-02-06,,2025-11-15 16:33:18.681379
Eldoret Market,Coffee,304.06,388,2024-02-22,,2025-11-15 16:33:18.681379
Eldoret Market,Coffee,649.46,495,2024-03-10,,2025-11-15 16:33:18.681379
Eldoret Market,Coffee,607.19,62,2024-03-22,,2025-11-15 16:33:18.681379
Eldoret Market,Coffee,521.12,591,2024-03-27,,2025-11-15 16:33:18.681379
Eldoret Market,Maize,64.6,77,2024-01-31,,2025-11-15 16:33:18.681379
Eldoret Market,Maize,62.7,47,2024-03-11,,2025-11-15 16:33:18.681379
Eldoret Market,Maize,52.49,316,2024-03-25,,2025-11-15 16:33:18.681379
Eldoret Market,Onions,31.0,387,2024-01-15,,2025-11-15 16:33:18.681379
Eldoret Market,Onions,50.55,250,2024-02-01,,2025-11-15 16:33:18.681379
Eldoret Market,Onions,27.6,122,2024-02-07,,2025-11-15 16:33:18.681379
Eldoret Market,Onions,28.32,356,2024-03-02,,2025-11-15 16:33:18.681379
Eldoret Market,Onions,42.1,276,2024-03-13,,2025-11-15 16:33:18.681379
Eldoret Market,Potatoes,58.63,380,2024-01-27,,2025-11-15 16:33:18.681379
Eldoret Market,Potatoes,51.92,120,2024-02-28,,2025-11-15 16:33:18.681379
Eldoret Market,Potatoes,43.5,184,2024-02-29,,2025-11-15 16:33:18.681379
Eldoret Market,Potatoes,54.2,145,2024-03-01,,2025-11-15 16:33:18.681379
Eldoret Market,Potatoes,53.32,35,2024-03-04,,2025-11-15 16:33:18.681379
Eldoret Market,Potatoes,31.19,223,2024-03-05,,2025-11-15 16:33:18.681379
Eldoret Market,Rice,80.45,441,2024-01-24,,2025-11-15 16:33:18.681379
Eldoret Market,Rice,75.39,186,2024-01-26,,2025-11-15 16:33:18.681379
Eldoret Market,Rice,82.0,239,2024-02-04,,2025-11-15 16:33:18.681379
Eldoret Market,Rice,75.45,222,2024-02-14,,2025-11-15 16:33:18.681379
Eldoret Market,Rice,84.94,252,2024-03-22,,2025-11-15 16:33:18.681379
Eldoret Market,Sorghum,50.34,367,2024-01-13,,2025-11-15 16:33:18.681379
Eldoret Market,Sorghum,62.7,70,2024-01-27,,2025-11-15 16:33:18.681379
Eldoret Market,Sorghum,47.47,344,2024-02-03,,2025-11-15 16:33:18.681379
Eldoret Market,Sugar,106.05,463,2024-01-21,,2025-11-15 16:33:18.681379
Eldoret Market,Sugar,94.35,153,2024-02-16,,2025-11-15 16:33:18.681379
Eldoret Market,Sugar,83.5,175,2024-03-04,,2025-11-15 16:33:18.681379
Eldoret Market,Sugar,87.54,174,2024-03-15,,2025-11-15 16:33:18.681379
Eldoret Market,Tea,295.84,46,2024-02-02,,2025-11-15 16:33:18.681379
Eldoret Market,Tea,225.17,226,2024-02-04,,2025-11-15 16:33:18.681379
Eldoret Market,Tea,363.32,76,2024-02-23,,2025-11-15 16:33:18.681379
Eldoret Market,Tea,298.4,212,2024-02-25,,2025-11-15 16:33:18.681379
Eldoret Market,Tea,243.07,307,2024-03-30,,2025-11-15 16:33:18.681379
Garissa Market,Beans,70.82,427,2024-01-08,,2025-11-15 16:33:18.681379
Garissa Market,Beans,72.53,404,2024-02-01,,2025-11-15 16:33:18.681379
Garissa Market,Beans,63.59,353,2024-02-04,,2025-11-15 16:33:18.681379
Garissa Market,Beans,52.48,132,2024-02-07,,2025-11-15 16:33:18.681379
Garissa Market,Beans,78.54,24,2024-02-08,,2025-11-15 16:33:18.681379
Garissa Market,Beans,51.67,252,2024-02-11,,2025-11-15 16:33:18.681379
Garissa Market,Beans,69.0,98,2024-02-24,,2025-11-15 16:33:18.681379
Garissa Market,Beans,78.5,50,2024-03-08,,2025-11-15 16:33:18.681379
Garissa Market,Beans,63.78,1006,2024-03-10,,2025-11-15 16:33:18.681379
Garissa Market,Coffee,454.91,416,2024-02-03,,2025-11-15 16:33:18.681379
Garissa Market,Coffee,314.36,370,2024-02-06,,2025-11-15 16:33:18.681379
Garissa Market,Coffee,603.74,384,2024-03-03,,2025-11-15 16:33:18.681379
Garissa Market,Coffee,504.44,416,2024-03-10,,2025-11-15 16:33:18.681379
Garissa Market,Coffee,620.8,368,2024-03-17,,2025-11-15 16:33:18.681379
Garissa Market,Coffee,349.97,170,2024-03-21,,2025-11-15 16:33:18.681379
Garissa Market,Coffee,582.28,58,2024-03-29,,2025-11-15 16:33:18.681379
Garissa Market,Maize,47.33,144,2024-02-09,,2025-11-15 16:33:18.681379
Garissa Market,Maize,59.34,88,2024-02-19,,2025-11-15 16:33:18.681379
Garissa Market,Maize,48.11,20,2024-02-24,,2025-11-15 16:33:18.681379
Garissa Market,Maize,45.58,28,2024-03-08,,2025-11-15 16:33:18.681379
Garissa Market,Maize,52.18,412,2024-03-23,,2025-11-15 16:33:18.681379
Garissa Market,Onions,27.02,78,2024-01-03,,2025-11-15 16:33:18.681379
Garissa Market,Onions,40.95,210,2024-01-17,,2025-11-15 16:33:18.681379
Garissa Market,Onions,50.9,239,2024-01-28,,2025-11-15 16:33:18.681379
Garissa Market,Onions,40.33,427,2024-02-05,,2025-11-15 16:33:18.681379
Garissa Market,Onions,52.87,338,2024-03-13,,2025-11-15 16:33:18.681379
Garissa Market,Onions,45.45,215,2024-03-22,,2025-11-15 16:33:18.681379
Garissa Market,Potatoes,60.24,271,2024-01-26,,2025-11-15 16:33:18.681379
Garissa Market,Potatoes,42.02,256,2024-02-06,,2025-11-15 16:33:18.681379
Garissa Market,Potatoes,43.57,55,2024-02-22,,2025-11-15 16:33:18.681379
Garissa Market,Potatoes,36.48,164,2024-03-04,,2025-11-15 16:33:18.681379
Garissa Market,Potatoes,47.11,312,2024-03-14,,2025-11-15 16:33:18.681379
Garissa Market,Potatoes,32.6,83,2024-03-16,,2025-11-15 16:33:18.681379
Garissa Market,Potatoes,53.63,69,2024-03-25,,2025-11-15 16:33:18.681379
Garissa Market,Potatoes,38.2,192,2024-03-26,,2025-11-15 16:33:18.681379
Garissa Market,Potatoes,45.87,244,2024-03-30,,2025-11-15 16:33:18.681379
Garissa Market,Rice,86.87,252,2024-01-17,,2025-11-15 16:33:18.681379
Garissa Market,Rice,77.18,403,2024-02-05,,2025-11-15 16:33:18.681379
Garissa Market,Rice,77.67,386,2024-02-07,,2025-11-15 16:33:18.681379
Garissa Market,Rice,64.45,347,2024-02-10,,2025-11-15 16:33:18.681379
Garissa Market,Rice,63.68,321,2024-03-11,,2025-11-15 16:33:18.681379
Garissa Market,Rice,84.02,315,2024-03-21,,2025-11-15 16:33:18.681379
Garissa Market,Sorghum,51.65,406,2024-01-20,,2025-11-15 16:33:18.681379
Garissa Market,Sorghum,42.49,498,2024-02-10,,2025-11-15 16:33:18.681379
Garissa Market,Sorghum,61.53,273,2024-02-11,,2025-11-15 16:33:18.681379
Garissa Market,Sorghum,65.12,199,2024-02-27,,2025-11-15 16:33:18.681379
Garissa Market,Sugar,107.0,155,2024-01-18,,2025-11-15 16:33:18.681379
Garissa Market,Sugar,94.78,130,2024-03-06,,2025-11-15 16:33:18.681379
Garissa Market,Sugar,82.06,414,2024-03-15,,2025-11-15 16:33:18.681379
Garissa Market,Tea,330.27,350,2024-01-08,,2025-11-15 16:33:18.681379
Garissa Market,Tea,335.6,481,2024-01-22,,2025-11-15 16:33:18.681379
Garissa Market,Tea,240.95,461,2024-02-10,,2025-11-15 16:33:18.681379
Garissa Market,Tea,390.16,371,2024-02-17,,2025-11-15 16:33:18.681379
Garissa Market,Tea,326.35,417,2024-02-28,,2025-11-15 16:33:18.681379
Garissa Market,Tea,375.83,221,2024-03-05,,2025-11-15 16:33:18.681379
Garissa Market,Tomatoes,33.08,315,2024-01-17,,2025-11-15 16:33:18.681379
Garissa Market,Tomatoes,33.94,80,2024-01-31,,2025-11-15 16:33:18.681379
Garissa Market,Tomatoes,47.12,366,2024-03-10,,2025-11-15 16:33:18.681379
Garissa Market,Tomatoes,37.92,304,2024-03-25,,2025-11-15 16:33:18.681379
Kisumu Market,Beans,51.5,91,2024-03-01,,2025-11-15 16:33:18.681379
Kisumu Market,Beans,67.02,399,2024-03-22,,2025-11-15 16:33:18.681379
Kisumu Market,Beans,56.12,337,2024-03-28,,2025-11-15 16:33:18.681379
Kisumu Market,Coffee,489.41,382,2024-01-19,,2025-11-15 16:33:18.681379
Kisumu Market,Coffee,314.7,95,2024-02-25,,2025-11-15 16:33:18.681379
Kisumu Market,Coffee,686.58,467,2024-02-26,,2025-11-15 16:33:18.681379
Kisumu Market,Coffee,366.82,181,2024-02-27,,2025-11-15 16:33:18.681379
Kisumu Market,Coffee,665.35,347,2024-03-05,,2025-11-15 16:33:18.681379
Kisumu Market,Coffee,383.44,264,2024-03-08,,2025-11-15 16:33:18.681379
Kisumu Market,Coffee,388.55,305,2024-03-16,,2025-11-15 16:33:18.681379
Kisumu Market,Maize,55.81,169,2024-01-05,,2025-11-15 16:33:18.681379
Kisumu Market,Maize,59.56,234,2024-01-29,,2025-11-15 16:33:18.681379
Kisumu Market,Maize,51.69,288,2024-03-07,,2025-11-15 16:33:18.681379
Kisumu Market,Maize,69.02,55,2024-03-17,,2025-11-15 16:33:18.681379
Kisumu Market,Maize,52.71,127,2024-03-28,,2025-11-15 16:33:18.681379
Kisumu Market,Onions,46.19,325,2024-01-18,,2025-11-15 16:33:18.681379
Kisumu Market,Onions,27.59,199,2024-02-09,,2025-11-15 16:33:18.681379
Kisumu Market,Onions,50.69,125,2024-03-15,,2025-11-15 16:33:18.681379
Kisumu Market,Onions,34.74,310,2024-03-17,,2025-11-15 16:33:18.681379
Kisumu Market,Potatoes,55.94,32,2024-01-23,,2025-11-15 16:33:18.681379
Kisumu Market,Potatoes,32.04,278,2024-02-28,,2025-11-15 16:33:18.681379
Kisumu Market,Potatoes,40.18,145,2024-03-04,,2025-11-15 16:33:18.681379
Kisumu Market,Potatoes,34.8,409,2024-03-27,,2025-11-15 16:33:18.681379
Kisumu Market,Rice,78.14,203,2024-01-31,,2025-11-15 16:33:18.681379
Kisumu Market,Rice,71.6,374,2024-02-20,,2025-11-15 16:33:18.681379
Kisumu Market,Rice,80.12,527,2024-02-26,,2025-11-15 16:33:18.681379
Kisumu Market,Rice,73.36,289,2024-03-10,,2025-11-15 16:33:18.681379
Kisumu Market,Rice,61.69,406,2024-03-13,,2025-11-15 16:33:18.681379
Kisumu Market,Rice,70.95,173,2024-03-22,,2025-11-15 16:33:18.681379
Kisumu Market,Sorghum,63.12,171,2024-02-01,,2025-11-15 16:33:18.681379
Kisumu Market,Sorghum,60.19,20,2024-02-08,,2025-11-15 16:33:18.681379
Kisumu Market,Sorghum,72.96,339,2024-03-18,,2025-11-15 16:33:18.681379
Kisumu Market,Sorghum,53.19,374,2024-03-20,,2025-11-15 16:33:18.681379
Kisumu Market,Sugar,82.75,472,2024-02-14,,2025-11-15 16:33:18.681379
Kisumu Market,Sugar,88.52,59,2024-02-16,,2025-11-15 16:33:18.681379
Kisumu Market,Sugar,106.47,38,2024-02-20,,2025-11-15 16:33:18.681379
Kisumu Market,Sugar,107.95,143,2024-03-13,,2025-11-15 16:33:18.681379
Kisumu Market,Sugar,96.68,349,2024-03-26,,2025-11-15 16:33:18.681379
Kisumu Market,Sugar,106.25,299,2024-03-28,,2025-11-15 16:33:18.681379
Kisumu Market,Sugar,108.0,84,2024-03-30,,2025-11-15 16:33:18.681379
Kisumu Market,Tea,390.89,54,2024-01-02,,2025-11-15 16:33:18.681379
Kisumu Market,Tea,214.21,432,2024-01-14,,2025-11-15 16:33:18.681379
Kisumu Market,Tea,209.08,141,2024-02-26,,2025-11-15 16:33:18.681379
Kisumu Market,Tea,201.52,154,2024-03-05,,2025-11-15 16:33:18.681379
Kisumu Market,Tea,349.92,379,2024-03-11,,2025-11-15 16:33:18.681379
Kisumu Market,Tea,304.25,112,2024-03-15,,2025-11-15 16:33:18.681379
Kisumu Market,Tea,242.59,470,2024-03-17,,2025-11-15 16:33:18.681379
Kisumu Market,Tomatoes,48.57,199,2024-01-01,,2025-11-15 16:33:18.681379
Kisumu Market,Tomatoes,22.52,303,2024-01-14,,2025-11-15 16:33:18.681379
Kisumu Market,Tomatoes,24.62,99,2024-02-04,,2025-11-15 16:33:18.681379
Kisumu Market,Tomatoes,37.52,312,2024-02-23,,2025-11-15 16:33:18.681379
Kisumu Market,Tomatoes,21.76,493,2024-02-26,,2025-11-15 16:33:18.681379
Kisumu Market,Tomatoes,24.32,314,2024-03-27,,2025-11-15 16:33:18.681379
Kitale Market,Beans,75.22,293,2024-01-04,,2025-11-15 16:33:18.681379
Kitale Market,Beans,54.3,94,2024-01-09,,2025-11-15 16:33:18.681379
Kitale Market,Beans,53.21,143,2024-01-25,,2025-11-15 16:33:18.681379
Kitale Market,Beans,56.9,207,2024-03-08,,2025-11-15 16:33:18.681379
Kitale Market,Beans,71.19,189,2024-03-10,,2025-11-15 16:33:18.681379
Kitale Market,Beans,56.02,34,2024-03-19,,2025-11-15 16:33:18.681379
Kitale Market,Beans,67.85,212,2024-03-23,,2025-11-15 16:33:18.681379
Kitale Market,Coffee,432.83,372,2024-01-11,,2025-11-15 16:33:18.681379
Kitale Market,Coffee,446.32,294,2024-01-16,,2025-11-15 16:33:18.681379
Kitale Market,Coffee,599.81,479,2024-01-29,,2025-11-15 16:33:18.681379
Kitale Market,Coffee,427.7,173,2024-02-18,,2025-11-15 16:33:18.681379
Kitale Market,Coffee,510.98,430,2024-03-18,,2025-11-15 16:33:18.681379
Kitale Market,Onions,31.58,66,2024-01-07,,2025-11-15 16:33:18.681379
Kitale Market,Onions,33.34,192,2024-01-14,,2025-11-15 16:33:18.681379
Kitale Market,Onions,44.49,33,2024-01-24,,2025-11-15 16:33:18.681379
Kitale Market,Onions,54.29,146,2024-02-05,,2025-11-15 16:33:18.681379
Kitale Market,Onions,32.99,216,2024-02-14,,2025-11-15 16:33:18.681379
Kitale Market,Onions,55.01,489,2024-02-18,,2025-11-15 16:33:18.681379
Kitale Market,Onions,35.82,177,2024-02-26,,2025-11-15 16:33:18.681379
Kitale Market,Onions,54.16,195,2024-03-10,,2025-11-15 16:33:18.681379
Kitale Market,Onions,38.14,47,2024-03-27,,2025-11-15 16:33:18.681379
Kitale Market,Potatoes,43.88,23,2024-01-21,,2025-11-15 16:33:18.681379
Kitale Market,Potatoes,55.7,401,2024-03-01,,2025-11-15 16:33:18.681379
Kitale Market,Potatoes,35.79,45,2024-03-12,,2025-11-15 16:33:18.681379
Kitale Market,Rice,74.21,156,2024-01-19,,2025-11-15 16:33:18.681379
Kitale Market,Rice,72.2,61,2024-02-11,,2025-11-15 16:33:18.681379
Kitale Market,Rice,55.48,402,2024-03-07,,2025-11-15 16:33:18.681379
Kitale Market,Rice,71.2,225,2024-03-09,,2025-11-15 16:33:18.681379
Kitale Market,Rice,82.76,353,2024-03-11,,2025-11-15 16:33:18.681379
Kitale Market,Rice,79.77,88,2024-03-24,,2025-11-15 16:33:18.681379
Kitale Market,Sorghum,75.12,303,2024-01-02,,2025-11-15 16:33:18.681379
Kitale Market,Sorghum,59.75,239,2024-01-18,,2025-11-15 16:33:18.681379
Kitale Market,Sugar,110.63,273,2024-01-05,,2025-11-15 16:33:18.681379
Kitale Market,Sugar,102.1,360,2024-02-02,,2025-11-15 16:33:18.681379
Kitale Market,Sugar,108.24,373,2024-03-21,,2025-11-15 16:33:18.681379
Kitale Market,Tea,279.93,22,2024-01-14,,2025-11-15 16:33:18.681379
Kitale Market,Tea,393.99,190,2024-02-11,,2025-11-15 16:33:18.681379
Kitale Market,Tea,228.7,232,2024-02-18,,2025-11-15 16:33:18.681379
Kitale Market,Tea,386.57,142,2024-03-14,,2025-11-15 16:33:18.681379
Kitale Market,Tomatoes,38.2,245,2024-02-23,,2025-11-15 16:33:18.681379
Kitale Market,Tomatoes,38.37,216,2024-03-02,,2025-11-15 16:33:18.681379
Kitale Market,Tomatoes,60.27,132,2024-03-28,,2025-11-15 16:33:18.681379
Malindi Market,Beans,62.02,470,2024-01-18,,2025-11-15 16:33:18.681379
Malindi Market,Beans,66.84,256,2024-01-30,,2025-11-15 16:33:18.681379
Malindi Market,Coffee,463.22,303,2024-01-12,,2025-11-15 16:33:18.681379
Malindi Market,Coffee,497.52,475,2024-02-25,,2025-11-15 16:33:18.681379
Malindi Market,Coffee,561.57,232,2024-02-26,,2025-11-15 16:33:18.681379
Malindi Market,Coffee,546.46,60,2024-03-06,,2025-11-15 16:33:18.681379
Malindi Market,Coffee,634.09,192,2024-03-20,,2025-11-15 16:33:18.681379
Malindi Market,Coffee,522.1,42,2024-03-22,,2025-11-15 16:33:18.681379
Malindi Market,Maize,61.9,47,2024-01-25,,2025-11-15 16:33:18.681379
Malindi Market,Maize,68.85,463,2024-02-06,,2025-11-15 16:33:18.681379
Malindi Market,Maize,56.5,79,2024-02-21,,2025-11-15 16:33:18.681379
Malindi Market,Onions,43.99,409,2024-01-07,,2025-11-15 16:33:18.681379
Malindi Market,Onions,26.83,100,2024-02-02,,2025-11-15 16:33:18.681379
Malindi Market,Onions,26.73,58,2024-02-13,,2025-11-15 16:33:18.681379
Malindi Market,Onions,26.91,82,2024-02-28,,2025-11-15 16:33:18.681379
Malindi Market,Onions,33.2,348,2024-03-03,,2025-11-15 16:33:18.681379
Malindi Market,Potatoes,44.53,485,2024-01-02,,2025-11-15 16:33:18.681379
Malindi Market,Potatoes,40.91,278,2024-02-27,,2025-11-15 16:33:18.681379
Malindi Market,Potatoes,49.14,189,2024-03-01,,2025-11-15 16:33:18.681379
Malindi Market,Potatoes,33.64,141,2024-03-04,,2025-11-15 16:33:18.681379
Malindi Market,Rice,75.67,131,2024-01-30,,2025-11-15 16:33:18.681379
Malindi Market,Rice,64.83,274,2024-02-28,,2025-11-15 16:33:18.681379
Malindi Market,Rice,73.15,688,2024-03-06,,2025-11-15 16:33:18.681379
Malindi Market,Sorghum,58.47,141,2024-02-08,,2025-11-15 16:33:18.681379
Malindi Market,Sorghum,64.07,220,2024-02-29,,2025-11-15 16:33:18.681379
Malindi Market,Sorghum,40.93,379,2024-03-10,,2025-11-15 16:33:18.681379
Malindi Market,Sugar,100.72,34,2024-01-15,,2025-11-15 16:33:18.681379
Malindi Market,Sugar,104.7,99,2024-02-05,,2025-11-15 16:33:18.681379
Malindi Market,Sugar,93.7,364,2024-02-09,,2025-11-15 16:33:18.681379
Malindi Market,Sugar,93.66,321,2024-02-24,,2025-11-15 16:33:18.681379
Malindi Market,Sugar,96.66,435,2024-03-09,,2025-11-15 16:33:18.681379
Malindi Market,Sugar,89.38,484,2024-03-18,,2025-11-15 16:33:18.681379
Malindi Market,Sugar,106.65,220,2024-03-23,,2025-11-15 16:33:18.681379
Malindi Market,Sugar,97.77,232,2024-03-24,,2025-11-15 16:33:18.681379
Malindi Market,Tea,377.85,259,2024-02-04,,2025-11-15 16:33:18.681379
Malindi Market,Tea,250.22,236,2024-02-05,,2025-11-15 16:33:18.681379
Malindi Market,Tea,293.67,449,2024-02-10,,2025-11-15 16:33:18.681379
Malindi Market,Tea,202.2,81,2024-02-24,,2025-11-15 16:33:18.681379
Malindi Market,Tomatoes,22.31,48,2024-01-01,,2025-11-15 16:33:18.681379
Malindi Market,Tomatoes,53.69,80,2024-01-17,,2025-11-15 16:33:18.681379
Malindi Market,Tomatoes,48.78,646,2024-02-07,,2025-11-15 16:33:18.681379
Malindi Market,Tomatoes,32.85,171,2024-02-09,,2025-11-15 16:33:18.681379
Malindi Market,Tomatoes,38.32,265,2024-02-21,,2025-11-15 16:33:18.681379
Malindi Market,Tomatoes,37.11,144,2024-02-28,,2025-11-15 16:33:18.681379
Malindi Market,Tomatoes,45.92,432,2024-03-28,,2025-11-15 16:33:18.681379
Mombasa Market,Beans,79.61,147,2024-01-01,,2025-11-15 16:33:18.681379
Mombasa Market,Beans,59.31,337,2024-02-18,,2025-11-15 16:33:18.681379
Mombasa Market,Beans,69.25,52,2024-02-19,,2025-11-15 16:33:18.681379
Mombasa Market,Beans,60.39,359,2024-02-21,,2025-11-15 16:33:18.681379
Mombasa Market,Beans,51.13,100,2024-02-22,,2025-11-15 16:33:18.681379
Mombasa Market,Beans,75.67,385,2024-02-26,,2025-11-15 16:33:18.681379
Mombasa Market,Coffee,606.33,301,2024-01-22,,2025-11-15 16:33:18.681379
Mombasa Market,Coffee,483.79,834,2024-01-29,,2025-11-15 16:33:18.681379
Mombasa Market,Coffee,553.8,483,2024-02-14,,2025-11-15 16:33:18.681379
Mombasa Market,Coffee,600.69,170,2024-02-25,,2025-11-15 16:33:18.681379
Mombasa Market,Coffee,479.06,489,2024-03-13,,2025-11-15 16:33:18.681379
Mombasa Market,Coffee,664.18,229,2024-03-24,,2025-11-15 16:33:18.681379
Mombasa Market,Coffee,589.83,213,2024-03-27,,2025-11-15 16:33:18.681379
Mombasa Market,Coffee,662.08,106,2024-03-28,,2025-11-15 16:33:18.681379
Mombasa Market,Coffee,667.66,464,2024-03-29,,2025-11-15 16:33:18.681379
Mombasa Market,Maize,47.53,263,2024-01-08,,2025-11-15 16:33:18.681379
Mombasa Market,Maize,51.75,254,2024-01-09,,2025-11-15 16:33:18.681379
Mombasa Market,Maize,63.54,397,2024-01-14,,2025-11-15 16:33:18.681379
Mombasa Market,Maize,65.92,294,2024-01-20,,2025-11-15 16:33:18.681379
Mombasa Market,Maize,70.13,383,2024-01-21,,2025-11-15 16:33:18.681379
Mombasa Market,Maize,55.47,75,2024-02-01,,2025-11-15 16:33:18.681379
Mombasa Market,Maize,48.94,61,2024-02-04,,2025-11-15 16:33:18.681379
Mombasa Market,Maize,57.52,214,2024-03-09,,2025-11-15 16:33:18.681379
Mombasa Market,Maize,49.45,442,2024-03-13,,2025-11-15 16:33:18.681379
Mombasa Market,Maize,66.49,162,2024-03-26,,2025-11-15 16:33:18.681379
Mombasa Market,Onions,36.1,416,2024-01-18,,2025-11-15 16:33:18.681379
Mombasa Market,Onions,32.84,352,2024-01-22,,2025-11-15 16:33:18.681379
Mombasa Market,Onions,45.1,297,2024-02-07,,2025-11-15 16:33:18.681379
Mombasa Market,Onions,38.48,478,2024-02-19,,2025-11-15 16:33:18.681379
Mombasa Market,Onions,38.24,323,2024-03-03,,2025-11-15 16:33:18.681379
Mombasa Market,Onions,50.95,182,2024-03-21,,2025-11-15 16:33:18.681379
Mombasa Market,Potatoes,42.36,324,2024-01-06,,2025-11-15 16:33:18.681379
Mombasa Market,Potatoes,58.27,181,2024-01-28,,2025-11-15 16:33:18.681379
Mombasa Market,Potatoes,41.73,378,2024-02-07,,2025-11-15 16:33:18.681379
Mombasa Market,Potatoes,41.09,298,2024-02-08,,2025-11-15 16:33:18.681379
Mombasa Market,Potatoes,50.22,45,2024-02-12,,2025-11-15 16:33:18.681379
Mombasa Market,Potatoes,39.05,396,2024-03-29,,2025-11-15 16:33:18.681379
Mombasa Market,Rice,64.73,344,2024-01-20,,2025-11-15 16:33:18.681379
Mombasa Market,Rice,55.08,323,2024-01-29,,2025-11-15 16:33:18.681379
Mombasa Market,Rice,84.24,179,2024-02-13,,2025-11-15 16:33:18.681379
Mombasa Market,Rice,74.08,497,2024-02-14,,2025-11-15 16:33:18.681379
Mombasa Market,Rice,63.35,252,2024-02-17,,2025-11-15 16:33:18.681379
Mombasa Market,Sorghum,63.59,280,2024-01-01,,2025-11-15 16:33:18.681379
Mombasa Market,Sorghum,48.85,499,2024-01-05,,2025-11-15 16:33:18.681379
Mombasa Market,Sorghum,62.95,103,2024-02-29,,2025-11-15 16:33:18.681379
Mombasa Market,Sugar,83.2,433,2024-01-06,,2025-11-15 16:33:18.681379
Mombasa Market,Sugar,91.53,242,2024-01-19,,2025-11-15 16:33:18.681379
Mombasa Market,Sugar,106.46,190,2024-01-22,,2025-11-15 16:33:18.681379
Mombasa Market,Sugar,95.25,112,2024-01-28,,2025-11-15 16:33:18.681379
Mombasa Market,Sugar,106.28,438,2024-02-28,,2025-11-15 16:33:18.681379
Mombasa Market,Sugar,105.33,225,2024-03-08,,2025-11-15 16:33:18.681379
Mombasa Market,Sugar,83.27,86,2024-03-12,,2025-11-15 16:33:18.681379
Mombasa Market,Tea,323.15,209,2024-01-28,,2025-11-15 16:33:18.681379
Mombasa Market,Tea,319.35,314,2024-01-31,,2025-11-15 16:33:18.681379
Mombasa Market,Tea,261.7,492,2024-02-09,,2025-11-15 16:33:18.681379
Mombasa Market,Tea,293.51,469,2024-03-11,,2025-11-15 16:33:18.681379
Mombasa Market,Tomatoes,48.9,142,2024-01-08,,2025-11-15 16:33:18.681379
Mombasa Market,Tomatoes,41.24,67,2024-01-31,,2025-11-15 16:33:18.681379
Mombasa Market,Tomatoes,34.7,88,2024-03-02,,2025-11-15 16:33:18.681379
Mombasa Market,Tomatoes,51.08,423,2024-03-05,,2025-11-15 16:33:18.681379
Mombasa Market,Tomatoes,40.69,226,2024-03-30,,2025-11-15 16:33:18.681379
Nairobi Market,Beans,55.43,63,2024-02-01,,2025-11-15 16:33:18.681379
Nairobi Market,Beans,52.8,189,2024-03-13,,2025-11-15 16:33:18.681379
Nairobi Market,Beans,65.23,489,2024-03-14,,2025-11-15 16:33:18.681379
Nairobi Market,Coffee,320.95,55,2024-03-24,,2025-11-15 16:33:18.681379
Nairobi Market,Maize,60.02,829,2024-01-20,,2025-11-15 16:33:18.681379
Nairobi Market,Maize,53.34,154,2024-01-21,,2025-11-15 16:33:18.681379
Nairobi Market,Maize,69.8,298,2024-02-24,,2025-11-15 16:33:18.681379
Nairobi Market,Onions,43.58,425,2024-01-08,,2025-11-15 16:33:18.681379
Nairobi Market,Onions,49.95,457,2024-01-12,,2025-11-15 16:33:18.681379
Nairobi Market,Onions,41.85,302,2024-01-17,,2025-11-15 16:33:18.681379
Nairobi Market,Onions,49.4,118,2024-01-23,,2025-11-15 16:33:18.681379
Nairobi Market,Onions,27.19,490,2024-03-08,,2025-11-15 16:33:18.681379
Nairobi Market,Potatoes,47.09,469,2024-01-02,,2025-11-15 16:33:18.681379
Nairobi Market,Potatoes,52.44,296,2024-01-28,,2025-11-15 16:33:18.681379
Nairobi Market,Rice,81.11,252,2024-02-13,,2025-11-15 16:33:18.681379
Nairobi Market,Rice,88.13,23,2024-02-22,,2025-11-15 16:33:18.681379
Nairobi Market,Rice,87.42,268,2024-03-02,,2025-11-15 16:33:18.681379
Nairobi Market,Sorghum,51.35,205,2024-02-09,,2025-11-15 16:33:18.681379
Nairobi Market,Sorghum,52.77,171,2024-02-11,,2025-11-15 16:33:18.681379
Nairobi Market,Sorghum,53.31,172,2024-02-19,,2025-11-15 16:33:18.681379
Nairobi Market,Sorghum,73.81,82,2024-02-22,,2025-11-15 16:33:18.681379
Nairobi Market,Sugar,89.1,418,2024-01-07,,2025-11-15 16:33:18.681379
Nairobi Market,Sugar,90.34,50,2024-01-09,,2025-11-15 16:33:18.681379
Nairobi Market,Sugar,87.63,316,2024-01-10,,2025-11-15 16:33:18.681379
Nairobi Market,Sugar,81.97,217,2024-01-11,,2025-11-15 16:33:18.681379
Nairobi Market,Sugar,90.02,453,2024-02-24,,2025-11-15 16:33:18.681379
Nairobi Market,Tea,221.19,63,2024-03-05,,2025-11-15 16:33:18.681379
Nairobi Market,Tomatoes,54.34,296,2024-02-02,,2025-11-15 16:33:18.681379
Nairobi Market,Tomatoes,42.71,233,2024-02-07,,2025-11-15 16:33:18.681379
Nairobi Market,Tomatoes,28.06,181,2024-02-09,,2025-11-15 16:33:18.681379
Nairobi Market,Tomatoes,28.73,402,2024-02-20,,2025-11-15 16:33:18.681379
Nairobi Market,Tomatoes,29.08,254,2024-03-13,,2025-11-15 16:33:18.681379
Nakuru Market,Beans,76.54,497,2024-02-05,,2025-11-15 16:33:18.681379
Nakuru Market,Beans,64.21,131,2024-02-29,,2025-11-15 16:33:18.681379
Nakuru Market,Beans,73.61,411,2024-03-11,,2025-11-15 16:33:18.681379
Nakuru Market,Beans,66.38,410,2024-03-24,,2025-11-15 16:33:18.681379
Nakuru Market,Coffee,524.3,56,2024-02-20,,2025-11-15 16:33:18.681379
Nakuru Market,Coffee,604.19,497,2024-02-22,,2025-11-15 16:33:18.681379
Nakuru Market,Coffee,516.18,479,2024-03-15,,2025-11-15 16:33:18.681379
Nakuru Market,Maize,51.97,63,2024-03-03,,2025-11-15 16:33:18.681379
Nakuru Market,Onions,34.39,133,2024-01-19,,2025-11-15 16:33:18.681379
Nakuru Market,Onions,29.54,373,2024-01-24,,2025-11-15 16:33:18.681379
Nakuru Market,Onions,32.23,350,2024-02-08,,2025-11-15 16:33:18.681379
Nakuru Market,Onions,38.86,339,2024-02-10,,2025-11-15 16:33:18.681379
Nakuru Market,Potatoes,46.09,162,2024-02-29,,2025-11-15 16:33:18.681379
Nakuru Market,Potatoes,58.86,406,2024-03-02,,2025-11-15 16:33:18.681379
Nakuru Market,Potatoes,52.52,409,2024-03-08,,2025-11-15 16:33:18.681379
Nakuru Market,Potatoes,32.05,326,2024-03-27,,2025-11-15 16:33:18.681379
Nakuru Market,Rice,56.55,412,2024-01-03,,2025-11-15 16:33:18.681379
Nakuru Market,Rice,82.76,88,2024-01-06,,2025-11-15 16:33:18.681379
Nakuru Market,Rice,87.36,331,2024-01-08,,2025-11-15 16:33:18.681379
Nakuru Market,Rice,70.19,380,2024-01-13,,2025-11-15 16:33:18.681379
Nakuru Market,Rice,79.83,327,2024-01-16,,2025-11-15 16:33:18.681379
Nakuru Market,Rice,67.03,151,2024-01-24,,2025-11-15 16:33:18.681379
Nakuru Market,Rice,67.62,410,2024-02-05,,2025-11-15 16:33:18.681379
Nakuru Market,Rice,70.61,353,2024-03-10,,2025-11-15 16:33:18.681379
Nakuru Market,Rice,71.31,306,2024-03-17,,2025-11-15 16:33:18.681379
Nakuru Market,Rice,68.26,228,2024-03-20,,2025-11-15 16:33:18.681379
Nakuru Market,Sorghum,74.9,301,2024-01-04,,2025-11-15 16:33:18.681379
Nakuru Market,Sorghum,57.86,39,2024-01-18,,2025-11-15 16:33:18.681379
Nakuru Market,Sorghum,64.73,239,2024-01-22,,2025-11-15 16:33:18.681379
Nakuru Market,Sorghum,47.71,50,2024-01-30,,2025-11-15 16:33:18.681379
Nakuru Market,Sorghum,65.09,302,2024-02-11,,2025-11-15 16:33:18.681379
Nakuru Market,Sorghum,47.56,95,2024-03-17,,2025-11-15 16:33:18.681379
Nakuru Market,Sugar,83.82,172,2024-01-05,,2025-11-15 16:33:18.681379
Nakuru Market,Sugar,95.98,466,2024-01-08,,2025-11-15 16:33:18.681379
Nakuru Market,Sugar,107.07,219,2024-02-03,,2025-11-15 16:33:18.681379
Nakuru Market,Sugar,93.55,443,2024-02-28,,2025-11-15 16:33:18.681379
Nakuru Market,Tea,224.63,69,2024-01-07,,2025-11-15 16:33:18.681379
Nakuru Market,Tea,318.44,129,2024-01-27,,2025-11-15 16:33:18.681379
Nakuru Market,Tea,382.57,346,2024-02-02,,2025-11-15 16:33:18.681379
Nakuru Market,Tomatoes,46.42,302,2024-01-10,,2025-11-15 16:33:18.681379
Nakuru Market,Tomatoes,52.1,431,2024-01-26,,2025-11-15 16:33:18.681379
Nakuru Market,Tomatoes,33.51,97,2024-01-30,,2025-11-15 16:33:18.681379
Nakuru Market,Tomatoes,34.28,189,2024-02-04,,2025-11-15 16:33:18.681379
Nakuru Market,Tomatoes,57.81,168,2024-02-11,,2025-11-15 16:33:18.681379
Nakuru Market,Tomatoes,28.21,250,2024-02-17,,2025-11-15 16:33:18.681379
Nakuru Market,Tomatoes,42.19,377,2024-03-03,,2025-11-15 16:33:18.681379
Nakuru Market,Tomatoes,36.61,244,2024-03-07,,2025-11-15 16:33:18.681379
Nakuru Market,Tomatoes,21.78,493,2024-03-09,,2025-11-15 16:33:18.681379
Nakuru Market,Tomatoes,49.14,56,2024-03-28,,2025-11-15 16:33:18.681379
Nyeri Market,Beans,73.03,486,2024-01-08,,2025-11-15 16:33:18.681379
Nyeri Market,Beans,61.11,416,2024-02-13,,2025-11-15 16:33:18.681379
Nyeri Market,Beans,73.55,311,2024-02-14,,2025-11-15 16:33:18.681379
Nyeri Market,Beans,52.28,319,2024-03-11,,2025-11-15 16:33:18.681379
Nyeri Market,Beans,75.21,490,2024-03-19,,2025-11-15 16:33:18.681379
Nyeri Market,Coffee,311.33,156,2024-01-04,,2025-11-15 16:33:18.681379
Nyeri Market,Coffee,401.1,223,2024-01-11,,2025-11-15 16:33:18.681379
Nyeri Market,Coffee,303.43,359,2024-01-14,,2025-11-15 16:33:18.681379
Nyeri Market,Coffee,360.3,171,2024-02-23,,2025-11-15 16:33:18.681379
Nyeri Market,Coffee,610.07,394,2024-03-16,,2025-11-15 16:33:18.681379
Nyeri Market,Maize,53.8,251,2024-01-05,,2025-11-15 16:33:18.681379
Nyeri Market,Maize,70.81,315,2024-01-06,,2025-11-15 16:33:18.681379
Nyeri Market,Maize,65.07,188,2024-01-13,,2025-11-15 16:33:18.681379
Nyeri Market,Maize,59.76,224,2024-02-12,,2025-11-15 16:33:18.681379
Nyeri Market,Maize,66.64,119,2024-02-19,,2025-11-15 16:33:18.681379
Nyeri Market,Maize,54.01,55,2024-03-05,,2025-11-15 16:33:18.681379
Nyeri Market,Maize,49.49,126,2024-03-16,,2025-11-15 16:33:18.681379
Nyeri Market,Maize,51.89,51,2024-03-26,,2025-11-15 16:33:18.681379
Nyeri Market,Onions,29.48,111,2024-01-29,,2025-11-15 16:33:18.681379
Nyeri Market,Onions,42.39,358,2024-01-30,,2025-11-15 16:33:18.681379
Nyeri Market,Onions,25.5,399,2024-02-23,,2025-11-15 16:33:18.681379
Nyeri Market,Onions,39.54,401,2024-03-11,,2025-11-15 16:33:18.681379
Nyeri Market,Onions,40.75,382,2024-03-13,,2025-11-15 16:33:18.681379
Nyeri Market,Potatoes,34.59,418,2024-03-08,,2025-11-15 16:33:18.681379
Nyeri Market,Potatoes,55.19,439,2024-03-20,,2025-11-15 16:33:18.681379
Nyeri Market,Potatoes,52.12,288,2024-03-21,,2025-11-15 16:33:18.681379
Nyeri Market,Rice,78.58,176,2024-01-15,,2025-11-15 16:33:18.681379
Nyeri Market,Rice,58.83,201,2024-01-22,,2025-11-15 16:33:18.681379
Nyeri Market,Rice,70.24,181,2024-02-03,,2025-11-15 16:33:18.681379
Nyeri Market,Rice,57.8,388,2024-03-02,,2025-11-15 16:33:18.681379
Nyeri Market,Rice,70.82,42,2024-03-25,,2025-11-15 16:33:18.681379
Nyeri Market,Rice,71.52,387,2024-03-30,,2025-11-15 16:33:18.681379
Nyeri Market,Sorghum,73.9,187,2024-01-04,,2025-11-15 16:33:18.681379
Nyeri Market,Sorghum,58.04,425,2024-01-06,,2025-11-15 16:33:18.681379
Nyeri Market,Sorghum,67.46,231,2024-02-19,,2025-11-15 16:33:18.681379
Nyeri Market,Sorghum,43.9,348,2024-03-10,,2025-11-15 16:33:18.681379
Nyeri Market,Sorghum,41.38,409,2024-03-16,,2025-11-15 16:33:18.681379
Nyeri Market,Sugar,101.43,227,2024-01-03,,2025-11-15 16:33:18.681379
Nyeri Market,Sugar,98.45,200,2024-02-28,,2025-11-15 16:33:18.681379
Nyeri Market,Sugar,93.01,375,2024-03-23,,2025-11-15 16:33:18.681379
Nyeri Market,Sugar,105.14,225,2024-03-26,,2025-11-15 16:33:18.681379
Nyeri Market,Sugar,84.68,313,2024-03-30,,2025-11-15 16:33:18.681379
Nyeri Market,Tea,358.42,43,2024-01-13,,2025-11-15 16:33:18.681379
Nyeri Market,Tea,257.15,240,2024-01-18,,2025-11-15 16:33:18.681379
Nyeri Market,Tea,336.87,339,2024-02-11,,2025-11-15 16:33:18.681379
Nyeri Market,Tea,206.96,350,2024-02-16,,2025-11-15 16:33:18.681379
Nyeri Market,Tea,254.22,163,2024-03-10,,2025-11-15 16:33:18.681379
Nyeri Market,Tea,253.89,417,2024-03-15,,2025-11-15 16:33:18.681379
Nyeri Market,Tea,366.96,137,2024-03-18,,2025-11-15 16:33:18.681379
Nyeri Market,Tomatoes,52.74,342,2024-01-04,,2025-11-15 16:33:18.681379
Nyeri Market,Tomatoes,59.22,204,2024-01-23,,2025-11-15 16:33:18.681379
Nyeri Market,Tomatoes,50.21,142,2024-02-09,,2025-11-15 16:33:18.681379
Nyeri Market,Tomatoes,49.58,322,2024-03-04,,2025-11-15 16:33:18.681379
Thika Market,Beans,70.64,445,2024-01-11,,2025-11-15 16:33:18.681379
Thika Market,Beans,63.41,175,2024-02-05,,2025-11-15 16:33:18.681379
Thika Market,Beans,74.5,373,2024-02-16,,2025-11-15 16:33:18.681379
Thika Market,Beans,65.07,428,2024-03-07,,2025-11-15 16:33:18.681379
Thika Market,Beans,71.1,487,2024-03-08,,2025-11-15 16:33:18.681379
Thika Market,Beans,57.09,108,2024-03-18,,2025-11-15 16:33:18.681379
Thika Market,Beans,61.11,379,2024-03-28,,2025-11-15 16:33:18.681379
Thika Market,Coffee,629.04,245,2024-03-10,,2025-11-15 16:33:18.681379
Thika Market,Coffee,657.97,345,2024-03-11,,2025-11-15 16:33:18.681379
Thika Market,Coffee,435.59,418,2024-03-28,,2025-11-15 16:33:18.681379
Thika Market,Maize,50.73,225,2024-02-04,,2025-11-15 16:33:18.681379
Thika Market,Maize,61.38,487,2024-03-02,,2025-11-15 16:33:18.681379
Thika Market,Maize,66.29,205,2024-03-22,,2025-11-15 16:33:18.681379
Thika Market,Onions,46.24,138,2024-01-16,,2025-11-15 16:33:18.681379
Thika Market,Onions,38.32,291,2024-02-16,,2025-11-15 16:33:18.681379
Thika Market,Onions,38.21,480,2024-03-14,,2025-11-15 16:33:18.681379
Thika Market,Potatoes,42.81,442,2024-01-10,,2025-11-15 16:33:18.681379
Thika Market,Potatoes,30.85,352,2024-02-12,,2025-11-15 16:33:18.681379
Thika Market,Potatoes,49.35,406,2024-03-25,,2025-11-15 16:33:18.681379
Thika Market,Potatoes,48.84,335,2024-03-28,,2025-11-15 16:33:18.681379
Thika Market,Rice,61.64,85,2024-01-29,,2025-11-15 16:33:18.681379
Thika Market,Rice,78.7,399,2024-02-01,,2025-11-15 16:33:18.681379
Thika Market,Rice,78.63,472,2024-03-12,,2025-11-15 16:33:18.681379
Thika Market,Rice,71.39,135,2024-03-27,,2025-11-15 16:33:18.681379
Thika Market,Sorghum,56.7,539,2024-02-08,,2025-11-15 16:33:18.681379
Thika Market,Sorghum,73.15,110,2024-02-20,,2025-11-15 16:33:18.681379
Thika Market,Sorghum,65.24,275,2024-03-06,,2025-11-15 16:33:18.681379
Thika Market,Sorghum,45.1,713,2024-03-14,,2025-11-15 16:33:18.681379
Thika Market,Sorghum,47.75,257,2024-03-30,,2025-11-15 16:33:18.681379
Thika Market,Sugar,104.88,156,2024-01-21,,2025-11-15 16:33:18.681379
Thika Market,Sugar,93.77,135,2024-02-08,,2025-11-15 16:33:18.681379
Thika Market,Sugar,84.18,74,2024-02-10,,2025-11-15 16:33:18.681379
Thika Market,Sugar,108.48,367,2024-02-27,,2025-11-15 16:33:18.681379
Thika Market,Sugar,88.47,61,2024-03-01,,2025-11-15 16:33:18.681379
Thika Market,Sugar,88.59,497,2024-03-13,,2025-11-15 16:33:18.681379
Thika Market,Sugar,106.09,167,2024-03-17,,2025-11-15 16:33:18.681379
Thika Market,Sugar,110.13,278,2024-03-18,,2025-11-15 16:33:18.681379
Thika Market,Tea,390.34,464,2024-01-12,,2025-11-15 16:33:18.681379
Thika Market,Tea,238.4,171,2024-01-13,,2025-11-15 16:33:18.681379
Thika Market,Tea,303.87,283,2024-01-18,,2025-11-15 16:33:18.681379
Thika Market,Tea,267.92,89,2024-02-08,,2025-11-15 16:33:18.681379
Thika Market,Tea,323.42,238,2024-03-11,,2025-11-15 16:33:18.681379
Thika Market,Tomatoes,52.82,357,2024-01-25,,2025-11-15 16:33:18.681379
Thika Market,Tomatoes,49.89,314,2024-02-01,,2025-11-15 16:33:18.681379
Thika Market,Tomatoes,34.25,411,2024-03-12,,2025-11-15 16:33:18.681379
